image_id,filename,label
1,cardboard_285.jpg,cardboard
2,shoes_106.jpg,shoes
3,cardboard_300.jpg,cardboard
4,clothes_140.jpg,clothes
5,plastic_13.jpg,plastic
6,biological_159.jpg,biological
7,battery_90.jpg,battery
8,metal_69.jpg,metal
9,metal_182.jpg,metal
10,paper_288.jpg,paper
11,trash_297.jpg,trash
12,plastic_25.jpg,plastic
13,cardboard_237.jpg,cardboard
14,biological_131.jpg,biological
15,battery_70.jpg,battery
16,trash_273.jpg,trash
17,metal_114.jpg,metal
18,metal_218.jpg,metal
19,glass_105.jpg,glass
20,trash_239.jpg,trash
21,battery_135.jpg,battery
22,trash_169.jpg,trash
23,biological_160.jpg,biological
24,cardboard_100.jpg,cardboard
25,clothes_168.jpg,clothes
26,shoes_16.jpg,shoes
27,glass_285.jpg,glass
28,cardboard_89.jpg,cardboard
29,cardboard_135.jpg,cardboard
30,battery_178.jpg,battery
31,biological_190.jpg,biological
32,trash_101.jpg,trash
33,battery_264.jpg,battery
34,plastic_212.jpg,plastic
35,biological_16.jpg,biological
36,trash_21.jpg,trash
37,paper_228.jpg,paper
38,glass_79.jpg,glass
39,biological_55.jpg,biological
40,trash_240.jpg,trash
41,shoes_111.jpg,shoes
42,glass_13.jpg,glass
43,plastic_72.jpg,plastic
44,paper_257.jpg,paper
45,battery_50.jpg,battery
46,metal_180.jpg,metal
47,plastic_142.jpg,plastic
48,clothes_278.jpg,clothes
49,glass_99.jpg,glass
50,glass_148.jpg,glass
51,biological_251.jpg,biological
52,plastic_271.jpg,plastic
53,clothes_67.jpg,clothes
54,shoes_119.jpg,shoes
55,clothes_16.jpg,clothes
56,shoes_193.jpg,shoes
57,plastic_299.jpg,plastic
58,metal_194.jpg,metal
59,shoes_272.jpg,shoes
60,shoes_172.jpg,shoes
61,biological_135.jpg,biological
62,trash_171.jpg,trash
63,metal_132.jpg,metal
64,trash_50.jpg,trash
65,cardboard_26.jpg,cardboard
66,battery_118.jpg,battery
67,glass_143.jpg,glass
68,shoes_269.jpg,shoes
69,plastic_70.jpg,plastic
70,cardboard_163.jpg,cardboard
71,metal_231.jpg,metal
72,paper_280.jpg,paper
73,clothes_256.jpg,clothes
74,paper_128.jpg,paper
75,biological_78.jpg,biological
76,metal_22.jpg,metal
77,cardboard_69.jpg,cardboard
78,clothes_224.jpg,clothes
79,cardboard_127.jpg,cardboard
80,cardboard_36.jpg,cardboard
81,cardboard_33.jpg,cardboard
82,paper_208.jpg,paper
83,shoes_1.jpg,shoes
84,plastic_148.jpg,plastic
85,clothes_126.jpg,clothes
86,battery_14.jpg,battery
87,shoes_278.jpg,shoes
88,battery_193.jpg,battery
89,glass_11.jpg,glass
90,plastic_173.jpg,plastic
91,trash_173.jpg,trash
92,clothes_251.jpg,clothes
93,trash_227.jpg,trash
94,metal_251.jpg,metal
95,plastic_283.jpg,plastic
96,biological_37.jpg,biological
97,glass_60.jpg,glass
98,clothes_30.jpg,clothes
99,glass_4.jpg,glass
100,paper_234.jpg,paper
101,battery_243.jpg,battery
102,battery_58.jpg,battery
103,cardboard_259.jpg,cardboard
104,metal_197.jpg,metal
105,plastic_103.jpg,plastic
106,shoes_46.jpg,shoes
107,metal_34.jpg,metal
108,glass_274.jpg,glass
109,shoes_296.jpg,shoes
110,plastic_226.jpg,plastic
111,clothes_125.jpg,clothes
112,battery_1.jpg,battery
113,trash_206.jpg,trash
114,metal_2.jpg,metal
115,cardboard_46.jpg,cardboard
116,battery_28.jpg,battery
117,clothes_78.jpg,clothes
118,battery_263.jpg,battery
119,biological_221.jpg,biological
120,clothes_172.jpg,clothes
121,paper_144.jpg,paper
122,cardboard_228.jpg,cardboard
123,clothes_53.jpg,clothes
124,cardboard_11.jpg,cardboard
125,battery_157.jpg,battery
126,clothes_45.jpg,clothes
127,cardboard_51.jpg,cardboard
128,trash_294.jpg,trash
129,metal_122.jpg,metal
130,cardboard_242.jpg,cardboard
131,shoes_51.jpg,shoes
132,clothes_20.jpg,clothes
133,biological_119.jpg,biological
134,glass_63.jpg,glass
135,paper_188.jpg,paper
136,metal_107.jpg,metal
137,trash_207.jpg,trash
138,glass_290.jpg,glass
139,trash_233.jpg,trash
140,cardboard_260.jpg,cardboard
141,paper_66.jpg,paper
142,plastic_123.jpg,plastic
143,clothes_98.jpg,clothes
144,metal_175.jpg,metal
145,metal_16.jpg,metal
146,metal_291.jpg,metal
147,cardboard_168.jpg,cardboard
148,trash_113.jpg,trash
149,trash_260.jpg,trash
150,shoes_100.jpg,shoes
151,paper_249.jpg,paper
152,biological_285.jpg,biological
153,trash_228.jpg,trash
154,shoes_164.jpg,shoes
155,glass_8.jpg,glass
156,clothes_186.jpg,clothes
157,glass_154.jpg,glass
158,plastic_183.jpg,plastic
159,paper_212.jpg,paper
160,metal_32.jpg,metal
161,plastic_270.jpg,plastic
162,clothes_70.jpg,clothes
163,shoes_70.jpg,shoes
164,clothes_85.jpg,clothes
165,biological_286.jpg,biological
166,paper_8.jpg,paper
167,clothes_274.jpg,clothes
168,glass_200.jpg,glass
169,glass_15.jpg,glass
170,paper_124.jpg,paper
171,plastic_250.jpg,plastic
172,biological_67.jpg,biological
173,metal_75.jpg,metal
174,plastic_50.jpg,plastic
175,metal_47.jpg,metal
176,glass_52.jpg,glass
177,battery_121.jpg,battery
178,cardboard_53.jpg,cardboard
179,shoes_265.jpg,shoes
180,biological_40.jpg,biological
181,clothes_58.jpg,clothes
182,shoes_82.jpg,shoes
183,shoes_267.jpg,shoes
184,trash_75.jpg,trash
185,clothes_183.jpg,clothes
186,paper_141.jpg,paper
187,shoes_120.jpg,shoes
188,paper_50.jpg,paper
189,battery_164.jpg,battery
190,battery_173.jpg,battery
191,glass_255.jpg,glass
192,cardboard_258.jpg,cardboard
193,shoes_37.jpg,shoes
194,glass_162.jpg,glass
195,cardboard_142.jpg,cardboard
196,plastic_244.jpg,plastic
197,paper_258.jpg,paper
198,paper_285.jpg,paper
199,biological_170.jpg,biological
200,cardboard_10.jpg,cardboard
201,paper_116.jpg,paper
202,biological_143.jpg,biological
203,shoes_146.jpg,shoes
204,cardboard_109.jpg,cardboard
205,glass_73.jpg,glass
206,trash_91.jpg,trash
207,trash_47.jpg,trash
208,clothes_239.jpg,clothes
209,cardboard_299.jpg,cardboard
210,metal_11.jpg,metal
211,battery_149.jpg,battery
212,trash_194.jpg,trash
213,clothes_61.jpg,clothes
214,biological_82.jpg,biological
215,metal_221.jpg,metal
216,paper_76.jpg,paper
217,plastic_136.jpg,plastic
218,clothes_154.jpg,clothes
219,battery_115.jpg,battery
220,clothes_300.jpg,clothes
221,glass_88.jpg,glass
222,glass_254.jpg,glass
223,biological_47.jpg,biological
224,biological_192.jpg,biological
225,biological_48.jpg,biological
226,trash_221.jpg,trash
227,glass_108.jpg,glass
228,biological_161.jpg,biological
229,biological_218.jpg,biological
230,trash_174.jpg,trash
231,plastic_179.jpg,plastic
232,biological_73.jpg,biological
233,trash_216.jpg,trash
234,clothes_143.jpg,clothes
235,battery_117.jpg,battery
236,shoes_211.jpg,shoes
237,glass_267.jpg,glass
238,plastic_279.jpg,plastic
239,clothes_93.jpg,clothes
240,shoes_248.jpg,shoes
241,plastic_158.jpg,plastic
242,clothes_249.jpg,clothes
243,battery_220.jpg,battery
244,cardboard_92.jpg,cardboard
245,clothes_69.jpg,clothes
246,metal_138.jpg,metal
247,trash_290.jpg,trash
248,shoes_274.jpg,shoes
249,trash_135.jpg,trash
250,trash_132.jpg,trash
251,clothes_107.jpg,clothes
252,battery_131.jpg,battery
253,shoes_195.jpg,shoes
254,biological_74.jpg,biological
255,paper_46.jpg,paper
256,shoes_129.jpg,shoes
257,clothes_210.jpg,clothes
258,paper_197.jpg,paper
259,clothes_59.jpg,clothes
260,plastic_3.jpg,plastic
261,cardboard_235.jpg,cardboard
262,biological_178.jpg,biological
263,shoes_183.jpg,shoes
264,plastic_37.jpg,plastic
265,cardboard_19.jpg,cardboard
266,plastic_152.jpg,plastic
267,biological_146.jpg,biological
268,paper_232.jpg,paper
269,paper_286.jpg,paper
270,plastic_29.jpg,plastic
271,biological_260.jpg,biological
272,plastic_274.jpg,plastic
273,biological_45.jpg,biological
274,paper_229.jpg,paper
275,shoes_182.jpg,shoes
276,shoes_249.jpg,shoes
277,paper_6.jpg,paper
278,paper_206.jpg,paper
279,trash_247.jpg,trash
280,trash_107.jpg,trash
281,paper_220.jpg,paper
282,cardboard_220.jpg,cardboard
283,shoes_287.jpg,shoes
284,battery_232.jpg,battery
285,biological_22.jpg,biological
286,paper_277.jpg,paper
287,trash_127.jpg,trash
288,cardboard_196.jpg,cardboard
289,plastic_114.jpg,plastic
290,battery_206.jpg,battery
291,battery_33.jpg,battery
292,plastic_88.jpg,plastic
293,shoes_134.jpg,shoes
294,metal_45.jpg,metal
295,plastic_79.jpg,plastic
296,shoes_26.jpg,shoes
297,shoes_277.jpg,shoes
298,shoes_251.jpg,shoes
299,battery_13.jpg,battery
300,biological_268.jpg,biological
301,battery_21.jpg,battery
302,metal_277.jpg,metal
303,battery_292.jpg,battery
304,metal_105.jpg,metal
305,trash_147.jpg,trash
306,shoes_223.jpg,shoes
307,cardboard_103.jpg,cardboard
308,plastic_39.jpg,plastic
309,biological_96.jpg,biological
310,metal_101.jpg,metal
311,cardboard_172.jpg,cardboard
312,plastic_246.jpg,plastic
313,shoes_189.jpg,shoes
314,battery_77.jpg,battery
315,battery_295.jpg,battery
316,biological_29.jpg,biological
317,paper_29.jpg,paper
318,metal_160.jpg,metal
319,clothes_25.jpg,clothes
320,shoes_116.jpg,shoes
321,paper_182.jpg,paper
322,battery_158.jpg,battery
323,clothes_137.jpg,clothes
324,cardboard_35.jpg,cardboard
325,cardboard_77.jpg,cardboard
326,metal_64.jpg,metal
327,clothes_237.jpg,clothes
328,clothes_1.jpg,clothes
329,shoes_64.jpg,shoes
330,clothes_246.jpg,clothes
331,biological_191.jpg,biological
332,trash_248.jpg,trash
333,glass_14.jpg,glass
334,glass_259.jpg,glass
335,cardboard_114.jpg,cardboard
336,trash_35.jpg,trash
337,cardboard_277.jpg,cardboard
338,cardboard_42.jpg,cardboard
339,clothes_234.jpg,clothes
340,battery_161.jpg,battery
341,metal_102.jpg,metal
342,battery_288.jpg,battery
343,clothes_248.jpg,clothes
344,paper_118.jpg,paper
345,shoes_43.jpg,shoes
346,paper_1.jpg,paper
347,shoes_215.jpg,shoes
348,biological_6.jpg,biological
349,plastic_31.jpg,plastic
350,shoes_19.jpg,shoes
351,trash_212.jpg,trash
352,trash_62.jpg,trash
353,clothes_225.jpg,clothes
354,plastic_242.jpg,plastic
355,biological_197.jpg,biological
356,shoes_169.jpg,shoes
357,metal_189.jpg,metal
358,plastic_237.jpg,plastic
359,battery_109.jpg,battery
360,cardboard_52.jpg,cardboard
361,plastic_269.jpg,plastic
362,battery_44.jpg,battery
363,cardboard_178.jpg,cardboard
364,glass_98.jpg,glass
365,clothes_161.jpg,clothes
366,shoes_61.jpg,shoes
367,trash_29.jpg,trash
368,clothes_132.jpg,clothes
369,paper_73.jpg,paper
370,biological_42.jpg,biological
371,trash_183.jpg,trash
372,paper_126.jpg,paper
373,plastic_87.jpg,plastic
374,metal_63.jpg,metal
375,metal_15.jpg,metal
376,plastic_149.jpg,plastic
377,biological_41.jpg,biological
378,paper_162.jpg,paper
379,paper_260.jpg,paper
380,glass_7.jpg,glass
381,battery_35.jpg,battery
382,clothes_193.jpg,clothes
383,clothes_235.jpg,clothes
384,plastic_285.jpg,plastic
385,clothes_185.jpg,clothes
386,battery_79.jpg,battery
387,biological_233.jpg,biological
388,paper_103.jpg,paper
389,paper_43.jpg,paper
390,metal_255.jpg,metal
391,biological_227.jpg,biological
392,shoes_94.jpg,shoes
393,cardboard_204.jpg,cardboard
394,plastic_14.jpg,plastic
395,paper_198.jpg,paper
396,biological_219.jpg,biological
397,clothes_150.jpg,clothes
398,glass_23.jpg,glass
399,metal_202.jpg,metal
400,cardboard_162.jpg,cardboard
401,paper_15.jpg,paper
402,paper_27.jpg,paper
403,metal_121.jpg,metal
404,metal_294.jpg,metal
405,paper_39.jpg,paper
406,shoes_294.jpg,shoes
407,paper_19.jpg,paper
408,battery_8.jpg,battery
409,cardboard_218.jpg,cardboard
410,metal_193.jpg,metal
411,trash_243.jpg,trash
412,clothes_198.jpg,clothes
413,cardboard_286.jpg,cardboard
414,glass_119.jpg,glass
415,trash_230.jpg,trash
416,cardboard_171.jpg,cardboard
417,paper_71.jpg,paper
418,clothes_151.jpg,clothes
419,metal_81.jpg,metal
420,plastic_15.jpg,plastic
421,cardboard_115.jpg,cardboard
422,shoes_212.jpg,shoes
423,biological_114.jpg,biological
424,battery_269.jpg,battery
425,cardboard_20.jpg,cardboard
426,shoes_2.jpg,shoes
427,biological_225.jpg,biological
428,cardboard_184.jpg,cardboard
429,glass_256.jpg,glass
430,biological_187.jpg,biological
431,paper_85.jpg,paper
432,metal_226.jpg,metal
433,glass_244.jpg,glass
434,glass_77.jpg,glass
435,clothes_219.jpg,clothes
436,plastic_144.jpg,plastic
437,biological_51.jpg,biological
438,paper_166.jpg,paper
439,metal_199.jpg,metal
440,plastic_208.jpg,plastic
441,clothes_153.jpg,clothes
442,biological_66.jpg,biological
443,plastic_10.jpg,plastic
444,biological_132.jpg,biological
445,metal_237.jpg,metal
446,trash_253.jpg,trash
447,trash_299.jpg,trash
448,metal_293.jpg,metal
449,paper_178.jpg,paper
450,metal_243.jpg,metal
451,shoes_165.jpg,shoes
452,battery_221.jpg,battery
453,biological_98.jpg,biological
454,battery_37.jpg,battery
455,trash_22.jpg,trash
456,glass_100.jpg,glass
457,glass_67.jpg,glass
458,clothes_277.jpg,clothes
459,cardboard_48.jpg,cardboard
460,paper_60.jpg,paper
461,plastic_126.jpg,plastic
462,battery_163.jpg,battery
463,paper_79.jpg,paper
464,battery_142.jpg,battery
465,biological_14.jpg,biological
466,shoes_9.jpg,shoes
467,paper_122.jpg,paper
468,clothes_44.jpg,clothes
469,plastic_92.jpg,plastic
470,paper_130.jpg,paper
471,metal_48.jpg,metal
472,paper_251.jpg,paper
473,clothes_42.jpg,clothes
474,clothes_112.jpg,clothes
475,glass_190.jpg,glass
476,metal_300.jpg,metal
477,clothes_116.jpg,clothes
478,biological_279.jpg,biological
479,biological_180.jpg,biological
480,cardboard_287.jpg,cardboard
481,clothes_115.jpg,clothes
482,cardboard_288.jpg,cardboard
483,cardboard_87.jpg,cardboard
484,paper_222.jpg,paper
485,shoes_245.jpg,shoes
486,battery_105.jpg,battery
487,shoes_229.jpg,shoes
488,biological_162.jpg,biological
489,shoes_210.jpg,shoes
490,shoes_33.jpg,shoes
491,metal_140.jpg,metal
492,cardboard_90.jpg,cardboard
493,cardboard_283.jpg,cardboard
494,metal_68.jpg,metal
495,shoes_276.jpg,shoes
496,biological_204.jpg,biological
497,battery_188.jpg,battery
498,glass_196.jpg,glass
499,shoes_89.jpg,shoes
500,metal_157.jpg,metal
501,metal_177.jpg,metal
502,clothes_167.jpg,clothes
503,metal_274.jpg,metal
504,clothes_117.jpg,clothes
505,biological_88.jpg,biological
506,metal_173.jpg,metal
507,biological_59.jpg,biological
508,cardboard_60.jpg,cardboard
509,cardboard_203.jpg,cardboard
510,metal_190.jpg,metal
511,battery_23.jpg,battery
512,plastic_56.jpg,plastic
513,plastic_102.jpg,plastic
514,paper_62.jpg,paper
515,battery_107.jpg,battery
516,clothes_299.jpg,clothes
517,paper_266.jpg,paper
518,shoes_213.jpg,shoes
519,shoes_159.jpg,shoes
520,plastic_154.jpg,plastic
521,metal_183.jpg,metal
522,plastic_215.jpg,plastic
523,biological_216.jpg,biological
524,battery_260.jpg,battery
525,trash_118.jpg,trash
526,metal_276.jpg,metal
527,battery_181.jpg,battery
528,trash_11.jpg,trash
529,cardboard_2.jpg,cardboard
530,shoes_126.jpg,shoes
531,shoes_12.jpg,shoes
532,glass_184.jpg,glass
533,clothes_289.jpg,clothes
534,metal_20.jpg,metal
535,biological_206.jpg,biological
536,paper_274.jpg,paper
537,paper_252.jpg,paper
538,biological_60.jpg,biological
539,paper_150.jpg,paper
540,trash_279.jpg,trash
541,biological_136.jpg,biological
542,biological_212.jpg,biological
543,trash_97.jpg,trash
544,glass_74.jpg,glass
545,paper_121.jpg,paper
546,battery_4.jpg,battery
547,metal_196.jpg,metal
548,trash_188.jpg,trash
549,metal_284.jpg,metal
550,glass_273.jpg,glass
551,plastic_57.jpg,plastic
552,metal_53.jpg,metal
553,shoes_72.jpg,shoes
554,metal_272.jpg,metal
555,biological_58.jpg,biological
556,battery_285.jpg,battery
557,clothes_129.jpg,clothes
558,shoes_107.jpg,shoes
559,trash_17.jpg,trash
560,biological_239.jpg,biological
561,cardboard_4.jpg,cardboard
562,shoes_139.jpg,shoes
563,shoes_192.jpg,shoes
564,metal_165.jpg,metal
565,plastic_217.jpg,plastic
566,battery_233.jpg,battery
567,trash_250.jpg,trash
568,paper_82.jpg,paper
569,metal_239.jpg,metal
570,biological_62.jpg,biological
571,metal_94.jpg,metal
572,clothes_283.jpg,clothes
573,metal_91.jpg,metal
574,metal_206.jpg,metal
575,metal_278.jpg,metal
576,shoes_166.jpg,shoes
577,plastic_264.jpg,plastic
578,shoes_299.jpg,shoes
579,cardboard_183.jpg,cardboard
580,shoes_91.jpg,shoes
581,cardboard_40.jpg,cardboard
582,biological_106.jpg,biological
583,paper_189.jpg,paper
584,glass_174.jpg,glass
585,battery_59.jpg,battery
586,battery_276.jpg,battery
587,cardboard_254.jpg,cardboard
588,cardboard_194.jpg,cardboard
589,shoes_163.jpg,shoes
590,paper_36.jpg,paper
591,plastic_233.jpg,plastic
592,shoes_79.jpg,shoes
593,plastic_131.jpg,plastic
594,trash_54.jpg,trash
595,cardboard_34.jpg,cardboard
596,shoes_44.jpg,shoes
597,glass_32.jpg,glass
598,paper_89.jpg,paper
599,glass_211.jpg,glass
600,trash_121.jpg,trash
601,glass_78.jpg,glass
602,metal_232.jpg,metal
603,battery_226.jpg,battery
604,shoes_199.jpg,shoes
605,trash_33.jpg,trash
606,paper_3.jpg,paper
607,glass_282.jpg,glass
608,clothes_179.jpg,clothes
609,biological_211.jpg,biological
610,battery_239.jpg,battery
611,cardboard_227.jpg,cardboard
612,clothes_146.jpg,clothes
613,glass_284.jpg,glass
614,trash_32.jpg,trash
615,battery_275.jpg,battery
616,shoes_29.jpg,shoes
617,shoes_228.jpg,shoes
618,metal_198.jpg,metal
619,trash_13.jpg,trash
620,glass_187.jpg,glass
621,plastic_122.jpg,plastic
622,metal_33.jpg,metal
623,trash_3.jpg,trash
624,shoes_7.jpg,shoes
625,glass_124.jpg,glass
626,glass_25.jpg,glass
627,shoes_180.jpg,shoes
628,cardboard_248.jpg,cardboard
629,glass_249.jpg,glass
630,trash_241.jpg,trash
631,cardboard_158.jpg,cardboard
632,shoes_173.jpg,shoes
633,battery_123.jpg,battery
634,cardboard_216.jpg,cardboard
635,paper_21.jpg,paper
636,plastic_275.jpg,plastic
637,shoes_124.jpg,shoes
638,clothes_94.jpg,clothes
639,plastic_216.jpg,plastic
640,battery_114.jpg,battery
641,clothes_292.jpg,clothes
642,cardboard_146.jpg,cardboard
643,biological_80.jpg,biological
644,biological_283.jpg,biological
645,biological_52.jpg,biological
646,plastic_289.jpg,plastic
647,trash_258.jpg,trash
648,metal_14.jpg,metal
649,cardboard_108.jpg,cardboard
650,clothes_297.jpg,clothes
651,metal_246.jpg,metal
652,cardboard_212.jpg,cardboard
653,glass_135.jpg,glass
654,glass_17.jpg,glass
655,cardboard_126.jpg,cardboard
656,trash_42.jpg,trash
657,battery_228.jpg,battery
658,clothes_31.jpg,clothes
659,glass_192.jpg,glass
660,battery_236.jpg,battery
661,metal_133.jpg,metal
662,cardboard_39.jpg,cardboard
663,paper_13.jpg,paper
664,biological_139.jpg,biological
665,trash_36.jpg,trash
666,shoes_266.jpg,shoes
667,plastic_71.jpg,plastic
668,clothes_266.jpg,clothes
669,plastic_182.jpg,plastic
670,metal_73.jpg,metal
671,shoes_200.jpg,shoes
672,clothes_291.jpg,clothes
673,metal_142.jpg,metal
674,trash_186.jpg,trash
675,glass_110.jpg,glass
676,trash_261.jpg,trash
677,shoes_156.jpg,shoes
678,clothes_220.jpg,clothes
679,trash_130.jpg,trash
680,trash_95.jpg,trash
681,cardboard_59.jpg,cardboard
682,battery_208.jpg,battery
683,plastic_94.jpg,plastic
684,shoes_217.jpg,shoes
685,metal_280.jpg,metal
686,shoes_20.jpg,shoes
687,biological_247.jpg,biological
688,plastic_193.jpg,plastic
689,biological_188.jpg,biological
690,metal_265.jpg,metal
691,shoes_144.jpg,shoes
692,plastic_98.jpg,plastic
693,glass_62.jpg,glass
694,paper_78.jpg,paper
695,trash_120.jpg,trash
696,glass_202.jpg,glass
697,plastic_1.jpg,plastic
698,biological_200.jpg,biological
699,clothes_170.jpg,clothes
700,trash_124.jpg,trash
701,trash_184.jpg,trash
702,plastic_109.jpg,plastic
703,metal_72.jpg,metal
704,metal_118.jpg,metal
705,trash_44.jpg,trash
706,plastic_6.jpg,plastic
707,trash_1.jpg,trash
708,biological_56.jpg,biological
709,metal_130.jpg,metal
710,plastic_117.jpg,plastic
711,cardboard_181.jpg,cardboard
712,plastic_230.jpg,plastic
713,paper_45.jpg,paper
714,biological_288.jpg,biological
715,paper_132.jpg,paper
716,plastic_100.jpg,plastic
717,battery_143.jpg,battery
718,shoes_35.jpg,shoes
719,trash_267.jpg,trash
720,battery_3.jpg,battery
721,plastic_155.jpg,plastic
722,trash_293.jpg,trash
723,plastic_186.jpg,plastic
724,biological_194.jpg,biological
725,shoes_141.jpg,shoes
726,battery_12.jpg,battery
727,clothes_295.jpg,clothes
728,paper_161.jpg,paper
729,shoes_196.jpg,shoes
730,metal_253.jpg,metal
731,shoes_77.jpg,shoes
732,shoes_185.jpg,shoes
733,shoes_190.jpg,shoes
734,plastic_258.jpg,plastic
735,glass_149.jpg,glass
736,biological_94.jpg,biological
737,shoes_161.jpg,shoes
738,clothes_177.jpg,clothes
739,plastic_134.jpg,plastic
740,paper_93.jpg,paper
741,paper_55.jpg,paper
742,paper_245.jpg,paper
743,glass_194.jpg,glass
744,metal_295.jpg,metal
745,battery_189.jpg,battery
746,battery_229.jpg,battery
747,paper_240.jpg,paper
748,plastic_195.jpg,plastic
749,shoes_58.jpg,shoes
750,metal_134.jpg,metal
751,cardboard_62.jpg,cardboard
752,battery_54.jpg,battery
753,shoes_75.jpg,shoes
754,trash_80.jpg,trash
755,plastic_24.jpg,plastic
756,biological_36.jpg,biological
757,paper_299.jpg,paper
758,plastic_140.jpg,plastic
759,clothes_24.jpg,clothes
760,shoes_254.jpg,shoes
761,trash_12.jpg,trash
762,trash_37.jpg,trash
763,paper_127.jpg,paper
764,biological_12.jpg,biological
765,metal_36.jpg,metal
766,plastic_218.jpg,plastic
767,paper_170.jpg,paper
768,shoes_279.jpg,shoes
769,plastic_229.jpg,plastic
770,paper_136.jpg,paper
771,biological_214.jpg,biological
772,biological_237.jpg,biological
773,glass_252.jpg,glass
774,battery_154.jpg,battery
775,cardboard_197.jpg,cardboard
776,clothes_233.jpg,clothes
777,paper_58.jpg,paper
778,paper_282.jpg,paper
779,paper_131.jpg,paper
780,cardboard_193.jpg,cardboard
781,metal_104.jpg,metal
782,plastic_209.jpg,plastic
783,paper_86.jpg,paper
784,metal_208.jpg,metal
785,trash_266.jpg,trash
786,shoes_25.jpg,shoes
787,cardboard_14.jpg,cardboard
788,plastic_121.jpg,plastic
789,clothes_175.jpg,clothes
790,glass_289.jpg,glass
791,shoes_191.jpg,shoes
792,biological_215.jpg,biological
793,glass_222.jpg,glass
794,paper_4.jpg,paper
795,battery_293.jpg,battery
796,trash_30.jpg,trash
797,trash_272.jpg,trash
798,paper_275.jpg,paper
799,cardboard_272.jpg,cardboard
800,glass_297.jpg,glass
801,battery_140.jpg,battery
802,plastic_30.jpg,plastic
803,trash_162.jpg,trash
804,shoes_238.jpg,shoes
805,clothes_77.jpg,clothes
806,biological_142.jpg,biological
807,shoes_71.jpg,shoes
808,cardboard_225.jpg,cardboard
809,paper_199.jpg,paper
810,trash_139.jpg,trash
811,clothes_272.jpg,clothes
812,metal_244.jpg,metal
813,biological_97.jpg,biological
814,shoes_258.jpg,shoes
815,paper_205.jpg,paper
816,cardboard_152.jpg,cardboard
817,cardboard_5.jpg,cardboard
818,battery_185.jpg,battery
819,trash_58.jpg,trash
820,shoes_13.jpg,shoes
821,biological_110.jpg,biological
822,plastic_159.jpg,plastic
823,cardboard_67.jpg,cardboard
824,clothes_19.jpg,clothes
825,shoes_218.jpg,shoes
826,cardboard_147.jpg,cardboard
827,plastic_257.jpg,plastic
828,battery_62.jpg,battery
829,glass_157.jpg,glass
830,glass_57.jpg,glass
831,biological_4.jpg,biological
832,plastic_252.jpg,plastic
833,battery_39.jpg,battery
834,metal_145.jpg,metal
835,plastic_99.jpg,plastic
836,shoes_232.jpg,shoes
837,plastic_277.jpg,plastic
838,paper_25.jpg,paper
839,glass_227.jpg,glass
840,clothes_138.jpg,clothes
841,trash_197.jpg,trash
842,paper_61.jpg,paper
843,biological_295.jpg,biological
844,biological_230.jpg,biological
845,trash_15.jpg,trash
846,cardboard_27.jpg,cardboard
847,plastic_273.jpg,plastic
848,cardboard_102.jpg,cardboard
849,trash_244.jpg,trash
850,metal_10.jpg,metal
851,cardboard_280.jpg,cardboard
852,glass_3.jpg,glass
853,trash_276.jpg,trash
854,biological_149.jpg,biological
855,biological_38.jpg,biological
856,paper_297.jpg,paper
857,metal_217.jpg,metal
858,trash_34.jpg,trash
859,plastic_297.jpg,plastic
860,cardboard_153.jpg,cardboard
861,biological_123.jpg,biological
862,trash_151.jpg,trash
863,trash_145.jpg,trash
864,paper_20.jpg,paper
865,trash_53.jpg,trash
866,trash_92.jpg,trash
867,glass_175.jpg,glass
868,trash_254.jpg,trash
869,biological_46.jpg,biological
870,biological_273.jpg,biological
871,cardboard_224.jpg,cardboard
872,metal_172.jpg,metal
873,plastic_181.jpg,plastic
874,metal_262.jpg,metal
875,plastic_90.jpg,plastic
876,metal_178.jpg,metal
877,glass_5.jpg,glass
878,battery_218.jpg,battery
879,biological_7.jpg,biological
880,metal_169.jpg,metal
881,metal_92.jpg,metal
882,biological_171.jpg,biological
883,paper_108.jpg,paper
884,trash_131.jpg,trash
885,clothes_284.jpg,clothes
886,shoes_97.jpg,shoes
887,biological_287.jpg,biological
888,paper_201.jpg,paper
889,battery_5.jpg,battery
890,trash_137.jpg,trash
891,metal_46.jpg,metal
892,paper_191.jpg,paper
893,trash_24.jpg,trash
894,trash_278.jpg,trash
895,paper_157.jpg,paper
896,clothes_34.jpg,clothes
897,plastic_282.jpg,plastic
898,battery_26.jpg,battery
899,trash_69.jpg,trash
900,metal_50.jpg,metal
901,trash_38.jpg,trash
902,cardboard_217.jpg,cardboard
903,plastic_110.jpg,plastic
904,cardboard_76.jpg,cardboard
905,glass_134.jpg,glass
906,shoes_48.jpg,shoes
907,plastic_54.jpg,plastic
908,metal_156.jpg,metal
909,battery_159.jpg,battery
910,cardboard_215.jpg,cardboard
911,shoes_297.jpg,shoes
912,paper_88.jpg,paper
913,biological_126.jpg,biological
914,cardboard_70.jpg,cardboard
915,paper_193.jpg,paper
916,glass_247.jpg,glass
917,clothes_240.jpg,clothes
918,biological_241.jpg,biological
919,cardboard_219.jpg,cardboard
920,battery_258.jpg,battery
921,paper_218.jpg,paper
922,clothes_243.jpg,clothes
923,metal_168.jpg,metal
924,glass_153.jpg,glass
925,battery_211.jpg,battery
926,shoes_81.jpg,shoes
927,biological_284.jpg,biological
928,cardboard_200.jpg,cardboard
929,plastic_127.jpg,plastic
930,plastic_263.jpg,plastic
931,shoes_121.jpg,shoes
932,clothes_203.jpg,clothes
933,glass_225.jpg,glass
934,plastic_22.jpg,plastic
935,plastic_156.jpg,plastic
936,plastic_205.jpg,plastic
937,battery_207.jpg,battery
938,biological_8.jpg,biological
939,trash_72.jpg,trash
940,trash_59.jpg,trash
941,biological_39.jpg,biological
942,trash_51.jpg,trash
943,metal_115.jpg,metal
944,glass_176.jpg,glass
945,trash_7.jpg,trash
946,glass_182.jpg,glass
947,clothes_63.jpg,clothes
948,battery_89.jpg,battery
949,paper_253.jpg,paper
950,biological_120.jpg,biological
951,paper_134.jpg,paper
952,paper_259.jpg,paper
953,plastic_219.jpg,plastic
954,trash_179.jpg,trash
955,trash_96.jpg,trash
956,clothes_36.jpg,clothes
957,paper_129.jpg,paper
958,clothes_199.jpg,clothes
959,biological_174.jpg,biological
960,trash_60.jpg,trash
961,biological_246.jpg,biological
962,glass_44.jpg,glass
963,glass_208.jpg,glass
964,cardboard_119.jpg,cardboard
965,clothes_26.jpg,clothes
966,glass_292.jpg,glass
967,biological_185.jpg,biological
968,plastic_141.jpg,plastic
969,biological_17.jpg,biological
970,cardboard_156.jpg,cardboard
971,cardboard_28.jpg,cardboard
972,trash_16.jpg,trash
973,shoes_204.jpg,shoes
974,clothes_245.jpg,clothes
975,battery_130.jpg,battery
976,paper_34.jpg,paper
977,cardboard_282.jpg,cardboard
978,glass_159.jpg,glass
979,cardboard_121.jpg,cardboard
980,glass_165.jpg,glass
981,battery_230.jpg,battery
982,paper_235.jpg,paper
983,plastic_83.jpg,plastic
984,plastic_113.jpg,plastic
985,glass_230.jpg,glass
986,clothes_66.jpg,clothes
987,paper_120.jpg,paper
988,trash_190.jpg,trash
989,trash_249.jpg,trash
990,biological_205.jpg,biological
991,plastic_200.jpg,plastic
992,plastic_290.jpg,plastic
993,metal_279.jpg,metal
994,battery_151.jpg,battery
995,clothes_165.jpg,clothes
996,glass_232.jpg,glass
997,cardboard_150.jpg,cardboard
998,paper_41.jpg,paper
999,biological_232.jpg,biological
1000,cardboard_128.jpg,cardboard
1001,biological_157.jpg,biological
1002,trash_39.jpg,trash
1003,cardboard_93.jpg,cardboard
1004,plastic_243.jpg,plastic
1005,trash_274.jpg,trash
1006,biological_243.jpg,biological
1007,glass_27.jpg,glass
1008,clothes_54.jpg,clothes
1009,plastic_129.jpg,plastic
1010,battery_252.jpg,battery
1011,shoes_66.jpg,shoes
1012,shoes_262.jpg,shoes
1013,trash_264.jpg,trash
1014,trash_226.jpg,trash
1015,paper_221.jpg,paper
1016,metal_283.jpg,metal
1017,shoes_205.jpg,shoes
1018,plastic_40.jpg,plastic
1019,battery_172.jpg,battery
1020,metal_1.jpg,metal
1021,paper_94.jpg,paper
1022,shoes_42.jpg,shoes
1023,clothes_6.jpg,clothes
1024,glass_112.jpg,glass
1025,paper_148.jpg,paper
1026,trash_114.jpg,trash
1027,cardboard_74.jpg,cardboard
1028,battery_251.jpg,battery
1029,shoes_123.jpg,shoes
1030,shoes_281.jpg,shoes
1031,glass_291.jpg,glass
1032,plastic_165.jpg,plastic
1033,shoes_152.jpg,shoes
1034,plastic_42.jpg,plastic
1035,glass_138.jpg,glass
1036,glass_197.jpg,glass
1037,cardboard_3.jpg,cardboard
1038,metal_204.jpg,metal
1039,clothes_80.jpg,clothes
1040,battery_60.jpg,battery
1041,paper_223.jpg,paper
1042,paper_244.jpg,paper
1043,trash_237.jpg,trash
1044,clothes_259.jpg,clothes
1045,trash_263.jpg,trash
1046,biological_184.jpg,biological
1047,battery_166.jpg,battery
1048,plastic_190.jpg,plastic
1049,shoes_243.jpg,shoes
1050,metal_240.jpg,metal
1051,shoes_184.jpg,shoes
1052,shoes_32.jpg,shoes
1053,battery_176.jpg,battery
1054,clothes_71.jpg,clothes
1055,metal_263.jpg,metal
1056,biological_202.jpg,biological
1057,paper_181.jpg,paper
1058,paper_248.jpg,paper
1059,plastic_108.jpg,plastic
1060,metal_289.jpg,metal
1061,trash_158.jpg,trash
1062,paper_99.jpg,paper
1063,metal_17.jpg,metal
1064,clothes_148.jpg,clothes
1065,paper_17.jpg,paper
1066,metal_59.jpg,metal
1067,shoes_105.jpg,shoes
1068,battery_180.jpg,battery
1069,battery_78.jpg,battery
1070,paper_278.jpg,paper
1071,glass_95.jpg,glass
1072,paper_163.jpg,paper
1073,glass_295.jpg,glass
1074,paper_250.jpg,paper
1075,shoes_21.jpg,shoes
1076,metal_273.jpg,metal
1077,biological_3.jpg,biological
1078,cardboard_25.jpg,cardboard
1079,cardboard_275.jpg,cardboard
1080,clothes_92.jpg,clothes
1081,shoes_151.jpg,shoes
1082,cardboard_281.jpg,cardboard
1083,plastic_236.jpg,plastic
1084,trash_262.jpg,trash
1085,metal_109.jpg,metal
1086,shoes_99.jpg,shoes
1087,battery_223.jpg,battery
1088,cardboard_226.jpg,cardboard
1089,shoes_271.jpg,shoes
1090,battery_257.jpg,battery
1091,trash_85.jpg,trash
1092,cardboard_6.jpg,cardboard
1093,biological_275.jpg,biological
1094,cardboard_211.jpg,cardboard
1095,battery_101.jpg,battery
1096,glass_263.jpg,glass
1097,biological_99.jpg,biological
1098,battery_97.jpg,battery
1099,plastic_278.jpg,plastic
1100,clothes_241.jpg,clothes
1101,battery_129.jpg,battery
1102,clothes_28.jpg,clothes
1103,trash_117.jpg,trash
1104,clothes_294.jpg,clothes
1105,trash_157.jpg,trash
1106,clothes_134.jpg,clothes
1107,glass_50.jpg,glass
1108,biological_271.jpg,biological
1109,battery_187.jpg,battery
1110,shoes_86.jpg,shoes
1111,cardboard_116.jpg,cardboard
1112,metal_233.jpg,metal
1113,biological_93.jpg,biological
1114,glass_293.jpg,glass
1115,metal_80.jpg,metal
1116,clothes_74.jpg,clothes
1117,biological_107.jpg,biological
1118,glass_298.jpg,glass
1119,glass_214.jpg,glass
1120,metal_269.jpg,metal
1121,shoes_65.jpg,shoes
1122,plastic_38.jpg,plastic
1123,metal_187.jpg,metal
1124,clothes_82.jpg,clothes
1125,shoes_219.jpg,shoes
1126,paper_44.jpg,paper
1127,glass_180.jpg,glass
1128,battery_17.jpg,battery
1129,paper_30.jpg,paper
1130,metal_29.jpg,metal
1131,cardboard_18.jpg,cardboard
1132,metal_259.jpg,metal
1133,shoes_234.jpg,shoes
1134,plastic_192.jpg,plastic
1135,glass_89.jpg,glass
1136,plastic_68.jpg,plastic
1137,glass_36.jpg,glass
1138,paper_254.jpg,paper
1139,biological_266.jpg,biological
1140,cardboard_250.jpg,cardboard
1141,trash_23.jpg,trash
1142,cardboard_292.jpg,cardboard
1143,battery_198.jpg,battery
1144,metal_260.jpg,metal
1145,battery_148.jpg,battery
1146,glass_220.jpg,glass
1147,clothes_122.jpg,clothes
1148,biological_240.jpg,biological
1149,glass_54.jpg,glass
1150,trash_84.jpg,trash
1151,biological_102.jpg,biological
1152,metal_184.jpg,metal
1153,paper_59.jpg,paper
1154,metal_67.jpg,metal
1155,trash_111.jpg,trash
1156,trash_68.jpg,trash
1157,clothes_88.jpg,clothes
1158,plastic_86.jpg,plastic
1159,clothes_242.jpg,clothes
1160,trash_204.jpg,trash
1161,metal_155.jpg,metal
1162,metal_3.jpg,metal
1163,plastic_23.jpg,plastic
1164,battery_195.jpg,battery
1165,paper_152.jpg,paper
1166,trash_193.jpg,trash
1167,biological_2.jpg,biological
1168,biological_13.jpg,biological
1169,cardboard_63.jpg,cardboard
1170,clothes_264.jpg,clothes
1171,plastic_210.jpg,plastic
1172,plastic_234.jpg,plastic
1173,biological_81.jpg,biological
1174,trash_134.jpg,trash
1175,paper_270.jpg,paper
1176,shoes_96.jpg,shoes
1177,cardboard_24.jpg,cardboard
1178,metal_139.jpg,metal
1179,paper_100.jpg,paper
1180,shoes_244.jpg,shoes
1181,shoes_108.jpg,shoes
1182,paper_70.jpg,paper
1183,biological_263.jpg,biological
1184,glass_203.jpg,glass
1185,biological_87.jpg,biological
1186,clothes_11.jpg,clothes
1187,biological_27.jpg,biological
1188,cardboard_233.jpg,cardboard
1189,metal_103.jpg,metal
1190,paper_261.jpg,paper
1191,shoes_112.jpg,shoes
1192,biological_137.jpg,biological
1193,biological_165.jpg,biological
1194,plastic_150.jpg,plastic
1195,biological_115.jpg,biological
1196,plastic_248.jpg,plastic
1197,battery_73.jpg,battery
1198,cardboard_182.jpg,cardboard
1199,glass_183.jpg,glass
1200,paper_172.jpg,paper
1201,trash_284.jpg,trash
1202,shoes_49.jpg,shoes
1203,trash_112.jpg,trash
1204,shoes_115.jpg,shoes
1205,shoes_45.jpg,shoes
1206,shoes_104.jpg,shoes
1207,paper_241.jpg,paper
1208,glass_81.jpg,glass
1209,biological_186.jpg,biological
1210,trash_144.jpg,trash
1211,cardboard_191.jpg,cardboard
1212,shoes_291.jpg,shoes
1213,glass_69.jpg,glass
1214,glass_66.jpg,glass
1215,metal_248.jpg,metal
1216,battery_132.jpg,battery
1217,glass_33.jpg,glass
1218,clothes_229.jpg,clothes
1219,trash_182.jpg,trash
1220,battery_271.jpg,battery
1221,trash_220.jpg,trash
1222,battery_67.jpg,battery
1223,metal_216.jpg,metal
1224,cardboard_256.jpg,cardboard
1225,paper_67.jpg,paper
1226,shoes_92.jpg,shoes
1227,glass_42.jpg,glass
1228,glass_118.jpg,glass
1229,paper_22.jpg,paper
1230,cardboard_284.jpg,cardboard
1231,plastic_213.jpg,plastic
1232,cardboard_206.jpg,cardboard
1233,battery_92.jpg,battery
1234,clothes_96.jpg,clothes
1235,battery_249.jpg,battery
1236,metal_26.jpg,metal
1237,plastic_147.jpg,plastic
1238,glass_132.jpg,glass
1239,biological_297.jpg,biological
1240,biological_85.jpg,biological
1241,shoes_222.jpg,shoes
1242,shoes_290.jpg,shoes
1243,battery_273.jpg,battery
1244,metal_106.jpg,metal
1245,shoes_93.jpg,shoes
1246,cardboard_179.jpg,cardboard
1247,plastic_36.jpg,plastic
1248,glass_123.jpg,glass
1249,cardboard_185.jpg,cardboard
1250,cardboard_45.jpg,cardboard
1251,cardboard_276.jpg,cardboard
1252,paper_290.jpg,paper
1253,shoes_260.jpg,shoes
1254,cardboard_232.jpg,cardboard
1255,biological_124.jpg,biological
1256,paper_168.jpg,paper
1257,clothes_255.jpg,clothes
1258,paper_52.jpg,paper
1259,trash_280.jpg,trash
1260,shoes_131.jpg,shoes
1261,biological_289.jpg,biological
1262,shoes_5.jpg,shoes
1263,biological_15.jpg,biological
1264,trash_213.jpg,trash
1265,battery_254.jpg,battery
1266,cardboard_195.jpg,cardboard
1267,trash_89.jpg,trash
1268,clothes_121.jpg,clothes
1269,battery_212.jpg,battery
1270,shoes_264.jpg,shoes
1271,clothes_215.jpg,clothes
1272,trash_153.jpg,trash
1273,paper_68.jpg,paper
1274,paper_92.jpg,paper
1275,biological_179.jpg,biological
1276,shoes_103.jpg,shoes
1277,clothes_120.jpg,clothes
1278,plastic_107.jpg,plastic
1279,trash_46.jpg,trash
1280,clothes_91.jpg,clothes
1281,plastic_96.jpg,plastic
1282,plastic_227.jpg,plastic
1283,clothes_226.jpg,clothes
1284,glass_116.jpg,glass
1285,metal_215.jpg,metal
1286,metal_44.jpg,metal
1287,battery_240.jpg,battery
1288,biological_90.jpg,biological
1289,plastic_178.jpg,plastic
1290,battery_203.jpg,battery
1291,battery_169.jpg,battery
1292,paper_107.jpg,paper
1293,clothes_142.jpg,clothes
1294,glass_90.jpg,glass
1295,paper_145.jpg,paper
1296,glass_93.jpg,glass
1297,shoes_253.jpg,shoes
1298,battery_202.jpg,battery
1299,shoes_179.jpg,shoes
1300,paper_119.jpg,paper
1301,cardboard_12.jpg,cardboard
1302,glass_186.jpg,glass
1303,glass_71.jpg,glass
1304,shoes_102.jpg,shoes
1305,battery_224.jpg,battery
1306,clothes_101.jpg,clothes
1307,biological_11.jpg,biological
1308,trash_223.jpg,trash
1309,shoes_202.jpg,shoes
1310,shoes_270.jpg,shoes
1311,glass_173.jpg,glass
1312,metal_288.jpg,metal
1313,paper_106.jpg,paper
1314,clothes_119.jpg,clothes
1315,metal_82.jpg,metal
1316,shoes_288.jpg,shoes
1317,plastic_163.jpg,plastic
1318,clothes_201.jpg,clothes
1319,paper_192.jpg,paper
1320,biological_158.jpg,biological
1321,metal_55.jpg,metal
1322,biological_113.jpg,biological
1323,glass_131.jpg,glass
1324,biological_151.jpg,biological
1325,biological_196.jpg,biological
1326,biological_33.jpg,biological
1327,biological_100.jpg,biological
1328,plastic_177.jpg,plastic
1329,shoes_170.jpg,shoes
1330,metal_214.jpg,metal
1331,glass_210.jpg,glass
1332,cardboard_209.jpg,cardboard
1333,cardboard_205.jpg,cardboard
1334,trash_14.jpg,trash
1335,clothes_231.jpg,clothes
1336,glass_53.jpg,glass
1337,shoes_203.jpg,shoes
1338,glass_56.jpg,glass
1339,clothes_232.jpg,clothes
1340,shoes_207.jpg,shoes
1341,biological_141.jpg,biological
1342,cardboard_176.jpg,cardboard
1343,metal_18.jpg,metal
1344,glass_65.jpg,glass
1345,cardboard_133.jpg,cardboard
1346,paper_12.jpg,paper
1347,paper_169.jpg,paper
1348,clothes_258.jpg,clothes
1349,glass_59.jpg,glass
1350,glass_107.jpg,glass
1351,plastic_294.jpg,plastic
1352,metal_227.jpg,metal
1353,battery_294.jpg,battery
1354,cardboard_97.jpg,cardboard
1355,shoes_275.jpg,shoes
1356,trash_146.jpg,trash
1357,trash_165.jpg,trash
1358,glass_39.jpg,glass
1359,biological_148.jpg,biological
1360,trash_285.jpg,trash
1361,battery_137.jpg,battery
1362,cardboard_38.jpg,cardboard
1363,glass_84.jpg,glass
1364,glass_275.jpg,glass
1365,cardboard_61.jpg,cardboard
1366,glass_201.jpg,glass
1367,cardboard_37.jpg,cardboard
1368,clothes_79.jpg,clothes
1369,cardboard_83.jpg,cardboard
1370,paper_69.jpg,paper
1371,plastic_146.jpg,plastic
1372,battery_242.jpg,battery
1373,paper_156.jpg,paper
1374,shoes_47.jpg,shoes
1375,cardboard_96.jpg,cardboard
1376,trash_168.jpg,trash
1377,plastic_132.jpg,plastic
1378,shoes_261.jpg,shoes
1379,shoes_241.jpg,shoes
1380,glass_253.jpg,glass
1381,clothes_51.jpg,clothes
1382,clothes_213.jpg,clothes
1383,plastic_18.jpg,plastic
1384,clothes_273.jpg,clothes
1385,paper_98.jpg,paper
1386,battery_7.jpg,battery
1387,paper_32.jpg,paper
1388,metal_143.jpg,metal
1389,trash_126.jpg,trash
1390,glass_280.jpg,glass
1391,battery_52.jpg,battery
1392,metal_292.jpg,metal
1393,biological_95.jpg,biological
1394,biological_32.jpg,biological
1395,plastic_34.jpg,plastic
1396,shoes_127.jpg,shoes
1397,metal_174.jpg,metal
1398,trash_61.jpg,trash
1399,battery_112.jpg,battery
1400,battery_20.jpg,battery
1401,paper_37.jpg,paper
1402,cardboard_290.jpg,cardboard
1403,biological_238.jpg,biological
1404,battery_183.jpg,battery
1405,cardboard_13.jpg,cardboard
1406,shoes_273.jpg,shoes
1407,clothes_263.jpg,clothes
1408,trash_90.jpg,trash
1409,glass_114.jpg,glass
1410,trash_128.jpg,trash
1411,metal_98.jpg,metal
1412,biological_84.jpg,biological
1413,battery_36.jpg,battery
1414,plastic_284.jpg,plastic
1415,paper_279.jpg,paper
1416,battery_41.jpg,battery
1417,plastic_58.jpg,plastic
1418,biological_229.jpg,biological
1419,glass_68.jpg,glass
1420,cardboard_55.jpg,cardboard
1421,clothes_106.jpg,clothes
1422,paper_104.jpg,paper
1423,trash_8.jpg,trash
1424,paper_14.jpg,paper
1425,plastic_9.jpg,plastic
1426,plastic_223.jpg,plastic
1427,biological_63.jpg,biological
1428,battery_25.jpg,battery
1429,glass_264.jpg,glass
1430,shoes_24.jpg,shoes
1431,glass_160.jpg,glass
1432,plastic_78.jpg,plastic
1433,biological_118.jpg,biological
1434,metal_195.jpg,metal
1435,battery_255.jpg,battery
1436,glass_120.jpg,glass
1437,shoes_155.jpg,shoes
1438,plastic_53.jpg,plastic
1439,cardboard_136.jpg,cardboard
1440,cardboard_243.jpg,cardboard
1441,trash_28.jpg,trash
1442,cardboard_190.jpg,cardboard
1443,metal_146.jpg,metal
1444,cardboard_65.jpg,cardboard
1445,cardboard_255.jpg,cardboard
1446,metal_136.jpg,metal
1447,metal_148.jpg,metal
1448,trash_129.jpg,trash
1449,battery_155.jpg,battery
1450,plastic_160.jpg,plastic
1451,trash_155.jpg,trash
1452,plastic_235.jpg,plastic
1453,cardboard_30.jpg,cardboard
1454,glass_233.jpg,glass
1455,paper_210.jpg,paper
1456,shoes_142.jpg,shoes
1457,biological_166.jpg,biological
1458,battery_11.jpg,battery
1459,cardboard_208.jpg,cardboard
1460,shoes_157.jpg,shoes
1461,metal_86.jpg,metal
1462,glass_47.jpg,glass
1463,paper_54.jpg,paper
1464,biological_164.jpg,biological
1465,trash_286.jpg,trash
1466,paper_293.jpg,paper
1467,glass_30.jpg,glass
1468,glass_234.jpg,glass
1469,glass_144.jpg,glass
1470,battery_147.jpg,battery
1471,trash_119.jpg,trash
1472,glass_206.jpg,glass
1473,shoes_62.jpg,shoes
1474,glass_152.jpg,glass
1475,glass_168.jpg,glass
1476,clothes_55.jpg,clothes
1477,cardboard_82.jpg,cardboard
1478,biological_249.jpg,biological
1479,trash_56.jpg,trash
1480,biological_75.jpg,biological
1481,metal_57.jpg,metal
1482,metal_245.jpg,metal
1483,plastic_295.jpg,plastic
1484,plastic_104.jpg,plastic
1485,metal_95.jpg,metal
1486,biological_245.jpg,biological
1487,clothes_180.jpg,clothes
1488,shoes_220.jpg,shoes
1489,metal_261.jpg,metal
1490,trash_217.jpg,trash
1491,paper_294.jpg,paper
1492,clothes_87.jpg,clothes
1493,battery_290.jpg,battery
1494,shoes_130.jpg,shoes
1495,cardboard_137.jpg,cardboard
1496,glass_128.jpg,glass
1497,paper_149.jpg,paper
1498,plastic_11.jpg,plastic
1499,metal_137.jpg,metal
1500,plastic_48.jpg,plastic
1501,metal_123.jpg,metal
1502,cardboard_213.jpg,cardboard
1503,paper_262.jpg,paper
1504,plastic_55.jpg,plastic
1505,shoes_153.jpg,shoes
1506,cardboard_17.jpg,cardboard
1507,metal_108.jpg,metal
1508,clothes_57.jpg,clothes
1509,glass_102.jpg,glass
1510,trash_86.jpg,trash
1511,plastic_101.jpg,plastic
1512,metal_43.jpg,metal
1513,cardboard_249.jpg,cardboard
1514,battery_277.jpg,battery
1515,cardboard_88.jpg,cardboard
1516,battery_270.jpg,battery
1517,battery_256.jpg,battery
1518,shoes_214.jpg,shoes
1519,battery_222.jpg,battery
1520,clothes_166.jpg,clothes
1521,glass_288.jpg,glass
1522,biological_112.jpg,biological
1523,cardboard_251.jpg,cardboard
1524,plastic_137.jpg,plastic
1525,glass_248.jpg,glass
1526,trash_177.jpg,trash
1527,cardboard_79.jpg,cardboard
1528,cardboard_138.jpg,cardboard
1529,battery_274.jpg,battery
1530,trash_300.jpg,trash
1531,plastic_153.jpg,plastic
1532,plastic_300.jpg,plastic
1533,clothes_127.jpg,clothes
1534,cardboard_187.jpg,cardboard
1535,plastic_85.jpg,plastic
1536,plastic_174.jpg,plastic
1537,trash_236.jpg,trash
1538,cardboard_84.jpg,cardboard
1539,biological_228.jpg,biological
1540,plastic_115.jpg,plastic
1541,clothes_38.jpg,clothes
1542,glass_221.jpg,glass
1543,paper_230.jpg,paper
1544,shoes_84.jpg,shoes
1545,glass_45.jpg,glass
1546,trash_104.jpg,trash
1547,trash_63.jpg,trash
1548,shoes_30.jpg,shoes
1549,clothes_223.jpg,clothes
1550,paper_109.jpg,paper
1551,shoes_148.jpg,shoes
1552,shoes_39.jpg,shoes
1553,trash_268.jpg,trash
1554,shoes_175.jpg,shoes
1555,shoes_242.jpg,shoes
1556,metal_164.jpg,metal
1557,plastic_19.jpg,plastic
1558,glass_10.jpg,glass
1559,glass_189.jpg,glass
1560,glass_172.jpg,glass
1561,biological_69.jpg,biological
1562,paper_247.jpg,paper
1563,battery_22.jpg,battery
1564,plastic_170.jpg,plastic
1565,plastic_12.jpg,plastic
1566,trash_150.jpg,trash
1567,battery_248.jpg,battery
1568,paper_87.jpg,paper
1569,metal_250.jpg,metal
1570,glass_64.jpg,glass
1571,clothes_196.jpg,clothes
1572,trash_74.jpg,trash
1573,glass_287.jpg,glass
1574,shoes_40.jpg,shoes
1575,cardboard_31.jpg,cardboard
1576,paper_64.jpg,paper
1577,paper_80.jpg,paper
1578,battery_156.jpg,battery
1579,glass_207.jpg,glass
1580,trash_277.jpg,trash
1581,trash_76.jpg,trash
1582,clothes_252.jpg,clothes
1583,glass_236.jpg,glass
1584,glass_92.jpg,glass
1585,battery_179.jpg,battery
1586,plastic_124.jpg,plastic
1587,paper_47.jpg,paper
1588,clothes_22.jpg,clothes
1589,clothes_124.jpg,clothes
1590,plastic_188.jpg,plastic
1591,shoes_90.jpg,shoes
1592,clothes_238.jpg,clothes
1593,cardboard_229.jpg,cardboard
1594,paper_114.jpg,paper
1595,plastic_35.jpg,plastic
1596,clothes_17.jpg,clothes
1597,trash_87.jpg,trash
1598,metal_126.jpg,metal
1599,shoes_78.jpg,shoes
1600,paper_238.jpg,paper
1601,shoes_286.jpg,shoes
1602,metal_119.jpg,metal
1603,battery_65.jpg,battery
1604,battery_196.jpg,battery
1605,biological_50.jpg,biological
1606,trash_9.jpg,trash
1607,trash_214.jpg,trash
1608,cardboard_159.jpg,cardboard
1609,plastic_73.jpg,plastic
1610,biological_270.jpg,biological
1611,cardboard_221.jpg,cardboard
1612,battery_126.jpg,battery
1613,plastic_266.jpg,plastic
1614,battery_146.jpg,battery
1615,trash_156.jpg,trash
1616,battery_34.jpg,battery
1617,biological_153.jpg,biological
1618,metal_99.jpg,metal
1619,metal_266.jpg,metal
1620,battery_71.jpg,battery
1621,paper_40.jpg,paper
1622,biological_72.jpg,biological
1623,plastic_185.jpg,plastic
1624,glass_12.jpg,glass
1625,paper_243.jpg,paper
1626,biological_103.jpg,biological
1627,metal_179.jpg,metal
1628,paper_219.jpg,paper
1629,biological_261.jpg,biological
1630,plastic_287.jpg,plastic
1631,trash_48.jpg,trash
1632,shoes_295.jpg,shoes
1633,trash_167.jpg,trash
1634,metal_162.jpg,metal
1635,plastic_62.jpg,plastic
1636,plastic_184.jpg,plastic
1637,clothes_62.jpg,clothes
1638,plastic_172.jpg,plastic
1639,battery_63.jpg,battery
1640,biological_280.jpg,biological
1641,cardboard_177.jpg,cardboard
1642,metal_201.jpg,metal
1643,battery_192.jpg,battery
1644,battery_138.jpg,battery
1645,trash_215.jpg,trash
1646,shoes_10.jpg,shoes
1647,glass_204.jpg,glass
1648,biological_222.jpg,biological
1649,glass_243.jpg,glass
1650,trash_78.jpg,trash
1651,trash_242.jpg,trash
1652,battery_57.jpg,battery
1653,biological_181.jpg,biological
1654,trash_25.jpg,trash
1655,shoes_149.jpg,shoes
1656,battery_210.jpg,battery
1657,shoes_216.jpg,shoes
1658,shoes_154.jpg,shoes
1659,plastic_118.jpg,plastic
1660,cardboard_239.jpg,cardboard
1661,trash_115.jpg,trash
1662,battery_282.jpg,battery
1663,cardboard_23.jpg,cardboard
1664,biological_267.jpg,biological
1665,clothes_110.jpg,clothes
1666,paper_190.jpg,paper
1667,shoes_206.jpg,shoes
1668,trash_110.jpg,trash
1669,paper_139.jpg,paper
1670,battery_16.jpg,battery
1671,biological_77.jpg,biological
1672,cardboard_43.jpg,cardboard
1673,glass_156.jpg,glass
1674,paper_284.jpg,paper
1675,battery_281.jpg,battery
1676,glass_229.jpg,glass
1677,paper_298.jpg,paper
1678,paper_23.jpg,paper
1679,glass_91.jpg,glass
1680,metal_12.jpg,metal
1681,paper_287.jpg,paper
1682,trash_298.jpg,trash
1683,plastic_26.jpg,plastic
1684,glass_35.jpg,glass
1685,metal_120.jpg,metal
1686,glass_258.jpg,glass
1687,cardboard_245.jpg,cardboard
1688,clothes_128.jpg,clothes
1689,plastic_198.jpg,plastic
1690,battery_81.jpg,battery
1691,clothes_282.jpg,clothes
1692,paper_296.jpg,paper
1693,battery_279.jpg,battery
1694,trash_199.jpg,trash
1695,shoes_68.jpg,shoes
1696,cardboard_122.jpg,cardboard
1697,battery_168.jpg,battery
1698,battery_182.jpg,battery
1699,trash_291.jpg,trash
1700,battery_46.jpg,battery
1701,shoes_57.jpg,shoes
1702,glass_218.jpg,glass
1703,trash_122.jpg,trash
1704,glass_43.jpg,glass
1705,clothes_147.jpg,clothes
1706,metal_270.jpg,metal
1707,glass_193.jpg,glass
1708,battery_215.jpg,battery
1709,glass_215.jpg,glass
1710,biological_24.jpg,biological
1711,glass_146.jpg,glass
1712,cardboard_166.jpg,cardboard
1713,clothes_56.jpg,clothes
1714,glass_163.jpg,glass
1715,plastic_27.jpg,plastic
1716,clothes_160.jpg,clothes
1717,paper_265.jpg,paper
1718,plastic_45.jpg,plastic
1719,trash_133.jpg,trash
1720,cardboard_246.jpg,cardboard
1721,glass_199.jpg,glass
1722,metal_268.jpg,metal
1723,paper_255.jpg,paper
1724,glass_1.jpg,glass
1725,paper_7.jpg,paper
1726,plastic_65.jpg,plastic
1727,metal_131.jpg,metal
1728,trash_49.jpg,trash
1729,cardboard_240.jpg,cardboard
1730,plastic_259.jpg,plastic
1731,battery_6.jpg,battery
1732,clothes_280.jpg,clothes
1733,trash_178.jpg,trash
1734,battery_124.jpg,battery
1735,cardboard_29.jpg,cardboard
1736,metal_209.jpg,metal
1737,metal_79.jpg,metal
1738,metal_7.jpg,metal
1739,shoes_22.jpg,shoes
1740,trash_160.jpg,trash
1741,shoes_95.jpg,shoes
1742,cardboard_294.jpg,cardboard
1743,paper_217.jpg,paper
1744,trash_281.jpg,trash
1745,glass_269.jpg,glass
1746,biological_248.jpg,biological
1747,metal_141.jpg,metal
1748,battery_91.jpg,battery
1749,battery_238.jpg,battery
1750,clothes_155.jpg,clothes
1751,battery_43.jpg,battery
1752,paper_151.jpg,paper
1753,trash_143.jpg,trash
1754,paper_35.jpg,paper
1755,metal_78.jpg,metal
1756,metal_238.jpg,metal
1757,trash_198.jpg,trash
1758,shoes_240.jpg,shoes
1759,biological_35.jpg,biological
1760,biological_134.jpg,biological
1761,metal_282.jpg,metal
1762,biological_64.jpg,biological
1763,clothes_216.jpg,clothes
1764,paper_176.jpg,paper
1765,cardboard_236.jpg,cardboard
1766,clothes_286.jpg,clothes
1767,metal_200.jpg,metal
1768,battery_75.jpg,battery
1769,trash_295.jpg,trash
1770,biological_155.jpg,biological
1771,paper_48.jpg,paper
1772,metal_129.jpg,metal
1773,trash_287.jpg,trash
1774,paper_123.jpg,paper
1775,battery_265.jpg,battery
1776,battery_74.jpg,battery
1777,metal_100.jpg,metal
1778,cardboard_234.jpg,cardboard
1779,clothes_9.jpg,clothes
1780,battery_160.jpg,battery
1781,trash_163.jpg,trash
1782,metal_205.jpg,metal
1783,cardboard_130.jpg,cardboard
1784,shoes_209.jpg,shoes
1785,glass_212.jpg,glass
1786,shoes_186.jpg,shoes
1787,battery_278.jpg,battery
1788,shoes_56.jpg,shoes
1789,shoes_74.jpg,shoes
1790,plastic_75.jpg,plastic
1791,plastic_239.jpg,plastic
1792,paper_91.jpg,paper
1793,metal_166.jpg,metal
1794,glass_80.jpg,glass
1795,metal_144.jpg,metal
1796,glass_271.jpg,glass
1797,biological_294.jpg,biological
1798,shoes_150.jpg,shoes
1799,biological_182.jpg,biological
1800,glass_195.jpg,glass
1801,biological_235.jpg,biological
1802,plastic_261.jpg,plastic
1803,trash_102.jpg,trash
1804,glass_140.jpg,glass
1805,biological_256.jpg,biological
1806,shoes_137.jpg,shoes
1807,paper_263.jpg,paper
1808,biological_9.jpg,biological
1809,metal_287.jpg,metal
1810,clothes_207.jpg,clothes
1811,metal_125.jpg,metal
1812,glass_139.jpg,glass
1813,shoes_147.jpg,shoes
1814,paper_26.jpg,paper
1815,metal_186.jpg,metal
1816,trash_31.jpg,trash
1817,metal_76.jpg,metal
1818,paper_174.jpg,paper
1819,battery_113.jpg,battery
1820,biological_68.jpg,biological
1821,shoes_109.jpg,shoes
1822,glass_235.jpg,glass
1823,plastic_91.jpg,plastic
1824,battery_139.jpg,battery
1825,shoes_73.jpg,shoes
1826,shoes_227.jpg,shoes
1827,cardboard_106.jpg,cardboard
1828,clothes_81.jpg,clothes
1829,cardboard_223.jpg,cardboard
1830,plastic_201.jpg,plastic
1831,cardboard_265.jpg,cardboard
1832,plastic_164.jpg,plastic
1833,battery_296.jpg,battery
1834,clothes_182.jpg,clothes
1835,shoes_117.jpg,shoes
1836,trash_43.jpg,trash
1837,biological_199.jpg,biological
1838,cardboard_118.jpg,cardboard
1839,trash_67.jpg,trash
1840,paper_236.jpg,paper
1841,biological_293.jpg,biological
1842,glass_294.jpg,glass
1843,plastic_241.jpg,plastic
1844,glass_2.jpg,glass
1845,cardboard_112.jpg,cardboard
1846,glass_104.jpg,glass
1847,cardboard_199.jpg,cardboard
1848,clothes_105.jpg,clothes
1849,battery_235.jpg,battery
1850,biological_122.jpg,biological
1851,clothes_3.jpg,clothes
1852,glass_270.jpg,glass
1853,biological_92.jpg,biological
1854,plastic_143.jpg,plastic
1855,trash_83.jpg,trash
1856,metal_234.jpg,metal
1857,paper_138.jpg,paper
1858,battery_116.jpg,battery
1859,paper_95.jpg,paper
1860,plastic_61.jpg,plastic
1861,clothes_139.jpg,clothes
1862,biological_30.jpg,biological
1863,glass_198.jpg,glass
1864,shoes_87.jpg,shoes
1865,biological_26.jpg,biological
1866,battery_96.jpg,battery
1867,clothes_97.jpg,clothes
1868,clothes_209.jpg,clothes
1869,biological_276.jpg,biological
1870,glass_281.jpg,glass
1871,glass_164.jpg,glass
1872,cardboard_267.jpg,cardboard
1873,trash_71.jpg,trash
1874,glass_145.jpg,glass
1875,battery_244.jpg,battery
1876,biological_154.jpg,biological
1877,plastic_166.jpg,plastic
1878,biological_163.jpg,biological
1879,metal_212.jpg,metal
1880,glass_279.jpg,glass
1881,trash_149.jpg,trash
1882,cardboard_50.jpg,cardboard
1883,shoes_208.jpg,shoes
1884,biological_282.jpg,biological
1885,shoes_143.jpg,shoes
1886,cardboard_86.jpg,cardboard
1887,cardboard_252.jpg,cardboard
1888,trash_265.jpg,trash
1889,cardboard_101.jpg,cardboard
1890,battery_201.jpg,battery
1891,metal_219.jpg,metal
1892,cardboard_16.jpg,cardboard
1893,battery_184.jpg,battery
1894,battery_152.jpg,battery
1895,paper_147.jpg,paper
1896,cardboard_113.jpg,cardboard
1897,glass_300.jpg,glass
1898,biological_138.jpg,biological
1899,clothes_109.jpg,clothes
1900,trash_192.jpg,trash
1901,shoes_201.jpg,shoes
1902,trash_283.jpg,trash
1903,glass_19.jpg,glass
1904,metal_153.jpg,metal
1905,battery_280.jpg,battery
1906,cardboard_91.jpg,cardboard
1907,battery_266.jpg,battery
1908,trash_176.jpg,trash
1909,biological_250.jpg,biological
1910,biological_91.jpg,biological
1911,paper_18.jpg,paper
1912,glass_283.jpg,glass
1913,plastic_207.jpg,plastic
1914,biological_264.jpg,biological
1915,battery_225.jpg,battery
1916,glass_16.jpg,glass
1917,battery_165.jpg,battery
1918,clothes_29.jpg,clothes
1919,shoes_194.jpg,shoes
1920,shoes_136.jpg,shoes
1921,metal_151.jpg,metal
1922,paper_117.jpg,paper
1923,glass_76.jpg,glass
1924,glass_177.jpg,glass
1925,paper_63.jpg,paper
1926,trash_99.jpg,trash
1927,shoes_235.jpg,shoes
1928,metal_65.jpg,metal
1929,glass_265.jpg,glass
1930,metal_52.jpg,metal
1931,cardboard_167.jpg,cardboard
1932,metal_51.jpg,metal
1933,plastic_105.jpg,plastic
1934,glass_219.jpg,glass
1935,trash_211.jpg,trash
1936,glass_299.jpg,glass
1937,trash_232.jpg,trash
1938,cardboard_186.jpg,cardboard
1939,shoes_38.jpg,shoes
1940,metal_192.jpg,metal
1941,clothes_157.jpg,clothes
1942,battery_237.jpg,battery
1943,biological_116.jpg,biological
1944,plastic_49.jpg,plastic
1945,plastic_262.jpg,plastic
1946,cardboard_47.jpg,cardboard
1947,battery_98.jpg,battery
1948,glass_83.jpg,glass
1949,battery_127.jpg,battery
1950,paper_42.jpg,paper
1951,paper_16.jpg,paper
1952,clothes_261.jpg,clothes
1953,battery_283.jpg,battery
1954,clothes_102.jpg,clothes
1955,metal_39.jpg,metal
1956,metal_93.jpg,metal
1957,plastic_51.jpg,plastic
1958,metal_85.jpg,metal
1959,plastic_125.jpg,plastic
1960,glass_109.jpg,glass
1961,shoes_283.jpg,shoes
1962,battery_64.jpg,battery
1963,battery_167.jpg,battery
1964,clothes_204.jpg,clothes
1965,trash_26.jpg,trash
1966,glass_223.jpg,glass
1967,paper_292.jpg,paper
1968,metal_211.jpg,metal
1969,glass_245.jpg,glass
1970,cardboard_273.jpg,cardboard
1971,cardboard_264.jpg,cardboard
1972,metal_247.jpg,metal
1973,paper_165.jpg,paper
1974,paper_5.jpg,paper
1975,trash_108.jpg,trash
1976,metal_124.jpg,metal
1977,shoes_114.jpg,shoes
1978,battery_18.jpg,battery
1979,cardboard_49.jpg,cardboard
1980,metal_181.jpg,metal
1981,metal_6.jpg,metal
1982,biological_262.jpg,biological
1983,plastic_203.jpg,plastic
1984,clothes_76.jpg,clothes
1985,plastic_206.jpg,plastic
1986,glass_37.jpg,glass
1987,trash_140.jpg,trash
1988,trash_224.jpg,trash
1989,cardboard_155.jpg,cardboard
1990,paper_53.jpg,paper
1991,shoes_225.jpg,shoes
1992,cardboard_257.jpg,cardboard
1993,shoes_101.jpg,shoes
1994,metal_158.jpg,metal
1995,clothes_39.jpg,clothes
1996,cardboard_174.jpg,cardboard
1997,cardboard_198.jpg,cardboard
1998,clothes_184.jpg,clothes
1999,trash_154.jpg,trash
2000,trash_94.jpg,trash
2001,biological_105.jpg,biological
2002,metal_77.jpg,metal
2003,shoes_145.jpg,shoes
2004,glass_238.jpg,glass
2005,clothes_90.jpg,clothes
2006,trash_225.jpg,trash
2007,metal_296.jpg,metal
2008,plastic_168.jpg,plastic
2009,trash_200.jpg,trash
2010,biological_83.jpg,biological
2011,battery_103.jpg,battery
2012,metal_264.jpg,metal
2013,biological_54.jpg,biological
2014,clothes_227.jpg,clothes
2015,plastic_59.jpg,plastic
2016,paper_203.jpg,paper
2017,cardboard_189.jpg,cardboard
2018,cardboard_56.jpg,cardboard
2019,metal_56.jpg,metal
2020,metal_207.jpg,metal
2021,metal_176.jpg,metal
2022,biological_70.jpg,biological
2023,battery_227.jpg,battery
2024,plastic_112.jpg,plastic
2025,battery_83.jpg,battery
2026,paper_101.jpg,paper
2027,metal_127.jpg,metal
2028,clothes_228.jpg,clothes
2029,glass_126.jpg,glass
2030,paper_180.jpg,paper
2031,biological_183.jpg,biological
2032,shoes_176.jpg,shoes
2033,battery_99.jpg,battery
2034,clothes_37.jpg,clothes
2035,clothes_133.jpg,clothes
2036,biological_281.jpg,biological
2037,clothes_162.jpg,clothes
2038,plastic_268.jpg,plastic
2039,plastic_232.jpg,plastic
2040,metal_290.jpg,metal
2041,cardboard_57.jpg,cardboard
2042,biological_65.jpg,biological
2043,glass_51.jpg,glass
2044,clothes_23.jpg,clothes
2045,cardboard_1.jpg,cardboard
2046,glass_72.jpg,glass
2047,paper_200.jpg,paper
2048,trash_82.jpg,trash
2049,cardboard_129.jpg,cardboard
2050,biological_265.jpg,biological
2051,paper_183.jpg,paper
2052,biological_25.jpg,biological
2053,plastic_130.jpg,plastic
2054,plastic_225.jpg,plastic
2055,metal_256.jpg,metal
2056,battery_15.jpg,battery
2057,glass_167.jpg,glass
2058,cardboard_145.jpg,cardboard
2059,trash_2.jpg,trash
2060,shoes_198.jpg,shoes
2061,shoes_125.jpg,shoes
2062,paper_269.jpg,paper
2063,shoes_31.jpg,shoes
2064,clothes_83.jpg,clothes
2065,shoes_52.jpg,shoes
2066,trash_296.jpg,trash
2067,shoes_284.jpg,shoes
2068,battery_29.jpg,battery
2069,paper_110.jpg,paper
2070,paper_49.jpg,paper
2071,trash_45.jpg,trash
2072,cardboard_253.jpg,cardboard
2073,battery_31.jpg,battery
2074,metal_275.jpg,metal
2075,paper_185.jpg,paper
2076,battery_102.jpg,battery
2077,metal_241.jpg,metal
2078,biological_259.jpg,biological
2079,glass_213.jpg,glass
2080,shoes_69.jpg,shoes
2081,trash_27.jpg,trash
2082,biological_156.jpg,biological
2083,plastic_47.jpg,plastic
2084,battery_234.jpg,battery
2085,metal_228.jpg,metal
2086,shoes_6.jpg,shoes
2087,paper_38.jpg,paper
2088,shoes_237.jpg,shoes
2089,glass_237.jpg,glass
2090,cardboard_154.jpg,cardboard
2091,biological_217.jpg,biological
2092,glass_205.jpg,glass
2093,glass_250.jpg,glass
2094,shoes_181.jpg,shoes
2095,glass_34.jpg,glass
2096,paper_214.jpg,paper
2097,biological_168.jpg,biological
